Target gene;miRNA;nCounts;Cumulative weighted context++ score
CDR1as;hsa-miR-7-5p;81.41226374;-125.642
ZNF208;hsa-miR-23a-3p;3244.601778;-26.383
ZNF117;hsa-miR-23a-3p;3244.601778;-14.166
ZNF107;hsa-miR-23a-3p;3244.601778;-13.353
ZNF780A;hsa-miR-181a-5p;388.2965955;-9.845
CDR1as;hsa-miR-1246;971.9988886;-9.256
ZNF676;hsa-miR-23a-3p;3244.601778;-9.097
FOXI2;hsa-miR-574-5p;248.3324577;-8.655
ZNF440;hsa-miR-199a-5p;1021.763915;-6.56
ZNF844;hsa-miR-199b-5p;187.1629456;-6.556
ZNF91;hsa-miR-23a-3p;3244.601778;-6.14
ZNF728;hsa-miR-23a-3p;3244.601778;-6.078
CDR1as;hsa-miR-3690;17.13243749;-5.372
ONECUT2;hsa-miR-9-5p;176.7952317;-5.064
ZNF257;hsa-miR-23a-3p;3244.601778;-4.815
ZNF141;hsa-miR-23a-3p;3244.601778;-4.725
ZNF776;hsa-miR-199a-5p;1021.763915;-4.679
ZNF763;hsa-miR-199a-5p;1021.763915;-4.272
BOK;hsa-miR-296-5p;587.3567026;-4.243
ZNF700;hsa-miR-199b-5p;187.1629456;-4.015
GIPC3;hsa-miR-378g;20.24275167;-4.013
ZNF254;hsa-miR-23a-3p;3244.601778;-3.953
ZNF419;hsa-miR-199a-5p;1021.763915;-3.899
ZNF788;hsa-miR-181a-5p;388.2965955;-3.711
ZNF439;hsa-miR-199a-5p;1021.763915;-3.534
GIPC3;hsa-miR-320e;10.91180915;-3.502
ZNF544;hsa-miR-199a-5p;1021.763915;-3.449
ZNF100;hsa-miR-23a-3p;3244.601778;-3.273
ZNF85;hsa-miR-23a-3p;3244.601778;-3.134
ZNF440;hsa-miR-181a-5p;388.2965955;-3.081
ZNF791;hsa-miR-199b-5p;187.1629456;-3.044
ZNF470;hsa-miR-181a-5p;388.2965955;-2.984
ZFP14;hsa-miR-181a-5p;388.2965955;-2.794
ZNF788;hsa-miR-199b-5p;187.1629456;-2.793
ZNF563;hsa-miR-199b-5p;187.1629456;-2.743
COL1A1;hsa-miR-29a-3p;1140.992625;-2.715
ZNF700;hsa-miR-181a-5p;388.2965955;-2.617
FAM230A;hsa-miR-365a-3p;657.8571572;-2.557
FAM169B;hsa-miR-1246;971.9988886;-2.46
ZIK1;hsa-miR-199a-5p;1021.763915;-2.438
ZNF195;hsa-miR-23a-3p;3244.601778;-2.28
ZNF460;hsa-miR-570-3p;23.35306584;-2.222
HOXA7;hsa-miR-196a-5p;1465.502071;-2.191
TET3;hsa-miR-29a-3p;1140.992625;-2.16
ZNF525;hsa-miR-23a-3p;3244.601778;-2.127
NBPF20;hsa-miR-335-5p;296.0239417;-2.064
DOHH;hsa-miR-331-3p;58.60329314;-2.05
ZNF772;hsa-miR-199b-5p;187.1629456;-1.992
ZNF337;hsa-miR-574-5p;248.3324577;-1.975
GSG1L;hsa-miR-1246;971.9988886;-1.923
ZNF732;hsa-miR-23a-3p;3244.601778;-1.801
TET1;hsa-miR-29a-3p;1140.992625;-1.776
ZNF708;hsa-miR-23a-3p;3244.601778;-1.773
ZNF559;hsa-miR-181a-5p;388.2965955;-1.748
ARID3B;hsa-let-7d-5p;546.9226183;-1.684
ZNF283;hsa-miR-181a-5p;388.2965955;-1.624
ZNF763;hsa-miR-199a-5p;1021.763915;-1.597
LIN28B;hsa-let-7d-5p;546.9226183;-1.576
ZNF709;hsa-miR-199a-5p;1021.763915;-1.572
ZNF709;hsa-miR-199a-5p;1021.763915;-1.571
HOXC8;hsa-miR-196a-5p;1465.502071;-1.563
ZNF709;hsa-miR-181a-5p;388.2965955;-1.563
ZNF584;hsa-miR-199b-5p;187.1629456;-1.556
ZNF625;hsa-miR-199b-5p;187.1629456;-1.554
ZNF586;hsa-miR-199b-5p;187.1629456;-1.549
C20orf27;hsa-miR-423-5p;127.0302049;-1.545
FOXP4;hsa-miR-423-5p;127.0302049;-1.544
ZNF709;hsa-miR-181a-5p;388.2965955;-1.533
PPP2R2D;hsa-miR-362-3p;34.75755114;-1.532
ZNF253;hsa-miR-23a-3p;3244.601778;-1.5
PI15;hsa-miR-29b-3p;12997.51025;-1.496
ZNF487;hsa-miR-181a-5p;388.2965955;-1.48
HMGA1;hsa-miR-296-5p;587.3567026;-1.476
ZNF551;hsa-miR-199b-5p;187.1629456;-1.469
FIGN;hsa-let-7d-5p;546.9226183;-1.464
ZNF266;hsa-miR-199a-5p;1021.763915;-1.449
ZNF256;hsa-miR-199a-5p;1021.763915;-1.44
NRSN2;hsa-miR-423-5p;127.0302049;-1.439
ZNF788;hsa-miR-181a-5p;388.2965955;-1.434
SOX12;hsa-miR-423-5p;127.0302049;-1.431
ZNF101;hsa-miR-199a-5p;1021.763915;-1.417
ZNF547;hsa-miR-199a-5p;1021.763915;-1.413
RNF44;hsa-miR-296-5p;587.3567026;-1.408
EPN1;hsa-miR-296-5p;587.3567026;-1.403
FAM169B;hsa-miR-125a-5p;3263.263663;-1.403
TRIM71;hsa-let-7d-5p;546.9226183;-1.389
FLJ27365;hsa-miR-378g;20.24275167;-1.386
ZNF266;hsa-miR-181a-5p;388.2965955;-1.379
POLE4;hsa-miR-7-5p;81.41226374;-1.377
ZNF468;hsa-miR-199a-5p;1021.763915;-1.37
APOC2;hsa-miR-423-5p;127.0302049;-1.365
ZNF83;hsa-miR-199a-5p;1021.763915;-1.363
TUBGCP6;hsa-miR-214-3p;258.7001716;-1.361
POLR3H;hsa-miR-296-5p;587.3567026;-1.351
BOK;hsa-miR-24-3p;819.5934942;-1.35
ZNF23;hsa-miR-1246;971.9988886;-1.35
LMLN;hsa-miR-140-5p;390.3701383;-1.329
ZNF512B;hsa-miR-296-5p;587.3567026;-1.324
KCNC1;hsa-miR-296-5p;587.3567026;-1.315
SIX5;hsa-miR-296-5p;587.3567026;-1.302
ZNF256;hsa-miR-1260a;1045.609657;-1.3
ZNF594;hsa-miR-1260a;1045.609657;-1.297
SEC16A;hsa-miR-378g;20.24275167;-1.294
CLCN2;hsa-miR-296-5p;587.3567026;-1.294
MUC19;hsa-miR-10b-5p;90.74320626;-1.288
ZNF140;hsa-miR-181a-5p;388.2965955;-1.271
ZNF418;hsa-miR-199a-5p;1021.763915;-1.271
ATP6AP2;hsa-miR-148a-3p;606.0185876;-1.259
FAM86B2;hsa-miR-574-5p;248.3324577;-1.259
GABRA4;hsa-miR-570-3p;23.35306584;-1.245
ZNF92;hsa-miR-23a-3p;3244.601778;-1.238
NBPF12;hsa-miR-335-5p;296.0239417;-1.237
YBX3;hsa-miR-9-5p;176.7952317;-1.231
FAM222B;hsa-miR-423-3p;64.82392148;-1.231
CCKBR;hsa-miR-148a-3p;606.0185876;-1.209
ZNF788;hsa-miR-1260a;1045.609657;-1.209
KBTBD8;hsa-miR-19a-3p;914.9764621;-1.197
ZFP82;hsa-miR-181a-5p;388.2965955;-1.196
CALCOCO1;hsa-miR-574-5p;248.3324577;-1.194
TAF5L;hsa-miR-155-5p;843.4392362;-1.192
SEC61G;hsa-miR-342-3p;53.41943618;-1.189
FLG2;hsa-miR-345-5p;25.42660862;-1.183
CHMP1A;hsa-miR-296-5p;587.3567026;-1.175
NAALADL1;hsa-miR-423-5p;127.0302049;-1.169
ZNF800;hsa-miR-140-5p;390.3701383;-1.167
TET2;hsa-miR-29a-3p;1140.992625;-1.165
LIF;hsa-miR-296-5p;587.3567026;-1.163
ZNF124;hsa-miR-181a-5p;388.2965955;-1.152
LYVE1;hsa-miR-9-5p;176.7952317;-1.148
TOR2A;hsa-miR-24-3p;819.5934942;-1.147
ZNF286B;hsa-miR-181a-5p;388.2965955;-1.145
APOC2;hsa-miR-3690;17.13243749;-1.143
POU2F1;hsa-miR-570-3p;23.35306584;-1.135
KRTAP2-2;hsa-miR-423-5p;127.0302049;-1.135
REL;hsa-miR-570-3p;23.35306584;-1.131
TFRC;hsa-miR-296-5p;587.3567026;-1.128
GOLGA7B;hsa-miR-423-5p;127.0302049;-1.126
ZNF195;hsa-miR-199a-5p;1021.763915;-1.126
ATAD2B;hsa-miR-29a-3p;1140.992625;-1.125
SLC6A13;hsa-miR-214-3p;258.7001716;-1.124
C6orf223;hsa-miR-423-5p;127.0302049;-1.123
PML;hsa-miR-378g;20.24275167;-1.117
ZNF544;hsa-miR-1260a;1045.609657;-1.116
FZD3;hsa-miR-570-3p;23.35306584;-1.113
RPL14;hsa-miR-378g;20.24275167;-1.113
ZNF443;hsa-miR-181a-5p;388.2965955;-1.112
TIFAB;hsa-miR-1260a;1045.609657;-1.108
POU2F1;hsa-miR-9-5p;176.7952317;-1.106
CD6;hsa-miR-296-5p;587.3567026;-1.103
SCN4A;hsa-miR-423-5p;127.0302049;-1.102
KLK9;hsa-miR-423-5p;127.0302049;-1.093
ONECUT1;hsa-miR-9-5p;176.7952317;-1.087
IFITM5;hsa-miR-296-5p;587.3567026;-1.086
SNX16;hsa-miR-30b-5p;791.6006666;-1.085
GCC2;hsa-miR-27a-3p;50.30912201;-1.084
ZNF132;hsa-miR-199b-5p;187.1629456;-1.082
WNT3A;hsa-miR-423-5p;127.0302049;-1.08
TEAD3;hsa-miR-296-5p;587.3567026;-1.076
MAPKBP1;hsa-miR-423-5p;127.0302049;-1.075
DTNBP1;hsa-miR-342-3p;53.41943618;-1.074
HRK;hsa-miR-29a-3p;1140.992625;-1.073
PLEKHG4B;hsa-miR-296-5p;587.3567026;-1.073
TMEM212;hsa-miR-455-5p;32.68400836;-1.071
C17orf58;hsa-miR-22-3p;2033.652793;-1.067
FGFR3;hsa-miR-296-5p;587.3567026;-1.063
C6orf201;hsa-miR-218-5p;43.05172227;-1.063
COL3A1;hsa-miR-29b-3p;12997.51025;-1.06
ZMYND11;hsa-miR-19a-3p;914.9764621;-1.06
ELOF1;hsa-miR-362-3p;34.75755114;-1.059
CDKN1B;hsa-miR-222-3p;254.553086;-1.049
AGO1;hsa-miR-1260a;1045.609657;-1.049
CRABP2;hsa-miR-378g;20.24275167;-1.048
FZD3;hsa-miR-186-5p;158.1333467;-1.047
THRSP;hsa-let-7d-5p;546.9226183;-1.043
ZNF563;hsa-miR-181a-5p;388.2965955;-1.042
TNNI1;hsa-miR-296-5p;587.3567026;-1.041
C8orf56;hsa-miR-221-3p;1845.997171;-1.039
NRXN2;hsa-miR-1260a;1045.609657;-1.038
UBXN2B;hsa-miR-7-5p;81.41226374;-1.036
ANKRA2;hsa-miR-30b-5p;791.6006666;-1.031
MAP3K11;hsa-miR-199a-5p;1021.763915;-1.031
RBM34;hsa-miR-214-3p;258.7001716;-1.03
ZNF286B;hsa-miR-1260a;1045.609657;-1.028
NAT8L;hsa-miR-423-5p;127.0302049;-1.028
MGAT3;hsa-miR-324-5p;604.9818162;-1.027
CXorf64;hsa-miR-574-5p;248.3324577;-1.027
KCNJ6;hsa-miR-570-3p;23.35306584;-1.027
AP1S2;hsa-miR-455-5p;32.68400836;-1.024
CYBRD1;hsa-miR-302d-3p;147.7656328;-1.02
LIN7C;hsa-miR-199a-5p;1021.763915;-1.019
ZNF267;hsa-miR-1246;971.9988886;-1.019
FAM127C;hsa-miR-423-5p;127.0302049;-1.019
FAM86C1;hsa-miR-574-5p;248.3324577;-1.018
TMEM235;hsa-miR-296-5p;587.3567026;-1.018
IFNA8;hsa-miR-186-5p;158.1333467;-1.017
FAM9C;hsa-miR-570-3p;23.35306584;-1.017
C5orf27;hsa-miR-365a-3p;657.8571572;-1.015
CRB1;hsa-miR-27a-3p;50.30912201;-1.014
CACNG8;hsa-miR-324-5p;604.9818162;-1.012
PLK2;hsa-miR-27a-3p;50.30912201;-1.01
STARD9;hsa-miR-378g;20.24275167;-1.01
USP44;hsa-let-7d-5p;546.9226183;-1.01
IGDCC3;hsa-let-7d-5p;546.9226183;-1.008
COMT;hsa-miR-199a-5p;1021.763915;-1.005
ZNF558;hsa-miR-199a-5p;1021.763915;-1.005
RFPL4B;hsa-miR-1283;1740.246489;-1.004
CDR1as;hsa-miR-28-3p;232.7808868;-1.001
NR6A1;hsa-miR-196a-5p;1465.502071;-1.001
TMEM178B;hsa-miR-362-3p;34.75755114;-1
RP1-170O19.20;hsa-miR-196a-5p;1465.502071;-0.999
PTPN18;hsa-miR-214-3p;258.7001716;-0.998
TMEM167B;hsa-miR-28-3p;232.7808868;-0.998
DBNDD2;hsa-miR-484;159.1701181;-0.998
MDM4;hsa-miR-130a-3p;3480.985655;-0.995
AC120194.1;hsa-miR-140-5p;390.3701383;-0.993
PDX1;hsa-miR-296-5p;587.3567026;-0.992
CCDC67;hsa-miR-22-3p;2033.652793;-0.992
NDUFB7;hsa-miR-423-5p;127.0302049;-0.991
CEND1;hsa-miR-423-5p;127.0302049;-0.991
RTTN;hsa-miR-421;164.353975;-0.99
C17orf62;hsa-miR-455-5p;32.68400836;-0.99
CLEC18A;hsa-miR-296-5p;587.3567026;-0.988
ADAP1;hsa-miR-296-5p;587.3567026;-0.987
TAC4;hsa-miR-574-5p;248.3324577;-0.986
OCEL1;hsa-miR-324-5p;604.9818162;-0.984
LRRC20;hsa-miR-1260a;1045.609657;-0.984
HNRNPA1;hsa-miR-1260a;1045.609657;-0.984
ITGB4;hsa-miR-296-5p;587.3567026;-0.983
CHIC1;hsa-miR-19a-3p;914.9764621;-0.982
OSCAR;hsa-miR-423-5p;127.0302049;-0.981
IGF2BP1;hsa-let-7d-5p;546.9226183;-0.98
SNN;hsa-miR-24-3p;819.5934942;-0.98
PPP2R4;hsa-miR-296-5p;587.3567026;-0.98
AJAP1;hsa-miR-570-3p;23.35306584;-0.978
MAP1LC3A;hsa-miR-423-5p;127.0302049;-0.974
KCNIP3;hsa-miR-423-5p;127.0302049;-0.973
ELN;hsa-miR-29b-3p;12997.51025;-0.972
MEOX2;hsa-miR-148a-3p;606.0185876;-0.972
ING3;hsa-miR-29b-3p;12997.51025;-0.971
CRYGS;hsa-miR-296-5p;587.3567026;-0.971
CRYGN;hsa-miR-24-3p;819.5934942;-0.971
NCAPG2;hsa-miR-1260a;1045.609657;-0.97
CACNB1;hsa-miR-331-3p;58.60329314;-0.968
FASLG;hsa-miR-24-3p;819.5934942;-0.965
LRIG2;hsa-miR-149-5p;216.1925446;-0.965
FAM69C;hsa-miR-342-3p;53.41943618;-0.965
ZNF736;hsa-miR-23a-3p;3244.601778;-0.965
SLC25A3;hsa-miR-421;164.353975;-0.964
JMJD4;hsa-miR-296-5p;587.3567026;-0.963
HES2;hsa-miR-320e;10.91180915;-0.962
TRIB2;hsa-miR-29a-3p;1140.992625;-0.96
ZIK1;hsa-miR-1260a;1045.609657;-0.96
MKRN3;hsa-miR-30b-5p;791.6006666;-0.958
SBK1;hsa-miR-423-5p;127.0302049;-0.958
ELAVL3;hsa-miR-296-5p;587.3567026;-0.958
C11orf96;hsa-miR-19a-3p;914.9764621;-0.958
MPDU1;hsa-miR-24-3p;819.5934942;-0.957
C5orf22;hsa-miR-7-5p;81.41226374;-0.953
AC120194.1;hsa-miR-196a-5p;1465.502071;-0.953
OR2T34;hsa-miR-191-5p;806.1154661;-0.952
SUMF2;hsa-miR-296-5p;587.3567026;-0.952
LPAR5;hsa-miR-365a-3p;657.8571572;-0.951
CDC42SE1;hsa-miR-423-5p;127.0302049;-0.95
VSTM5;hsa-let-7d-5p;546.9226183;-0.949
SUV420H2;hsa-miR-29a-3p;1140.992625;-0.948
SLC50A1;hsa-miR-9-5p;176.7952317;-0.948
INO80D;hsa-miR-185-5p;68.97100705;-0.948
ZNF799;hsa-miR-181a-5p;388.2965955;-0.948
CCDC64;hsa-miR-423-5p;127.0302049;-0.946
RP11-664I21.6;hsa-miR-542-3p;4.691180801;-0.946
NOX4;hsa-miR-423-5p;127.0302049;-0.945
MTRNR2L1;hsa-miR-296-5p;587.3567026;-0.945
SCGB2A1;hsa-miR-421;164.353975;-0.944
HOXA9;hsa-miR-196a-5p;1465.502071;-0.943
CHST4;hsa-miR-24-3p;819.5934942;-0.942
ZNF83;hsa-miR-7-5p;81.41226374;-0.942
AUH;hsa-miR-23b-3p;491.9737346;-0.94
NMU;hsa-miR-421;164.353975;-0.94
GRIN2B;hsa-miR-570-3p;23.35306584;-0.939
BLOC1S4;hsa-miR-7-5p;81.41226374;-0.938
C9orf69;hsa-miR-296-5p;587.3567026;-0.938
ARMC7;hsa-miR-125a-5p;3263.263663;-0.937
LHX8;hsa-miR-30b-5p;791.6006666;-0.937
DUT;hsa-miR-27a-3p;50.30912201;-0.937
PLXNA3;hsa-miR-296-5p;587.3567026;-0.935
PVRL2;hsa-miR-199a-5p;1021.763915;-0.934
SLC6A19;hsa-miR-362-3p;34.75755114;-0.932
PPP1R8;hsa-miR-1260a;1045.609657;-0.932
HIST1H3I;hsa-miR-423-5p;127.0302049;-0.931
REEP2;hsa-miR-24-3p;819.5934942;-0.93
LYZL4;hsa-miR-324-5p;604.9818162;-0.93
PRRT1;hsa-miR-423-3p;64.82392148;-0.929
LCN6;hsa-miR-296-5p;587.3567026;-0.929
TIMMDC1;hsa-miR-450a-5p;1043.536115;-0.928
GRIN2B;hsa-miR-331-3p;58.60329314;-0.926
GLRX5;hsa-miR-148a-3p;606.0185876;-0.924
HMGN4;hsa-miR-214-3p;258.7001716;-0.923
KDM6B;hsa-miR-423-5p;127.0302049;-0.92
MED11;hsa-miR-137;76.22840678;-0.92
EIF4EBP1;hsa-miR-423-5p;127.0302049;-0.92
ZNF83;hsa-miR-1246;971.9988886;-0.917
RP11-67H2.1;hsa-miR-181a-5p;388.2965955;-0.915
XKR6;hsa-miR-29b-3p;12997.51025;-0.914
PLSCR4;hsa-miR-16-5p;4886.847661;-0.914
R3HDM4;hsa-miR-423-5p;127.0302049;-0.914
CD53;hsa-miR-197-3p;544.8490755;-0.91
YPEL2;hsa-miR-570-3p;23.35306584;-0.91
ZNF763;hsa-miR-1260a;1045.609657;-0.908
TUB;hsa-miR-218-5p;43.05172227;-0.907
FAM107A;hsa-miR-28-5p;751.1665824;-0.907
COL1A2;hsa-miR-29a-3p;1140.992625;-0.906
S100A12;hsa-miR-574-5p;248.3324577;-0.906
SLC35E3;hsa-miR-342-3p;53.41943618;-0.906
FAM131B;hsa-miR-7-5p;81.41226374;-0.906
DNAJB4;hsa-miR-424-5p;289.8033133;-0.904
KATNBL1;hsa-miR-140-5p;390.3701383;-0.903
DBNDD2;hsa-miR-1260a;1045.609657;-0.903
CCDC92;hsa-miR-423-3p;64.82392148;-0.902
HMGA2;hsa-miR-196a-5p;1465.502071;-0.902
TMEM154;hsa-miR-143-3p;4319.73371;-0.9
NXT2;hsa-miR-7-5p;81.41226374;-0.9
AGTRAP;hsa-miR-324-5p;604.9818162;-0.9
TSSK2;hsa-miR-140-5p;390.3701383;-0.9
NUTM2F;hsa-miR-296-5p;587.3567026;-0.899
ELAC1;hsa-miR-378e;1435.4357;-0.897
GOLGA7B;hsa-miR-342-3p;53.41943618;-0.897
DAZ4;hsa-miR-199a-5p;1021.763915;-0.897
TMEM184B;hsa-miR-423-5p;127.0302049;-0.896
LIMD2;hsa-miR-1260a;1045.609657;-0.895
KIAA0040;hsa-miR-22-3p;2033.652793;-0.895
BMP8A;hsa-miR-296-5p;587.3567026;-0.893
KLF7;hsa-miR-130a-3p;3480.985655;-0.892
AKR1C2;hsa-miR-185-5p;68.97100705;-0.892
ZNF286B;hsa-miR-23a-3p;3244.601778;-0.889
DCUN1D1;hsa-miR-570-3p;23.35306584;-0.889
VOPP1;hsa-miR-218-5p;43.05172227;-0.888
NFIA;hsa-miR-29a-3p;1140.992625;-0.888
COX19;hsa-miR-296-5p;587.3567026;-0.887
SEPN1;hsa-miR-423-5p;127.0302049;-0.887
BIRC5;hsa-miR-542-3p;4.691180801;-0.885
C12orf36;hsa-miR-320e;10.91180915;-0.885
TBX1;hsa-miR-139-5p;78.30194957;-0.884
TMEM170B;hsa-miR-18a-5p;601.871502;-0.884
LRAT;hsa-miR-140-5p;390.3701383;-0.883
AKAP13;hsa-miR-378g;20.24275167;-0.883
PAN3;hsa-miR-301a-3p;321.9432265;-0.882
FAM24A;hsa-miR-25-3p;2078.233963;-0.882
URM1;hsa-miR-574-5p;248.3324577;-0.882
CCDC38;hsa-miR-296-5p;587.3567026;-0.882
GABRA1;hsa-miR-222-3p;254.553086;-0.881
BTBD18;hsa-miR-1260a;1045.609657;-0.881
GRM5;hsa-miR-22-3p;2033.652793;-0.879
TMEM91;hsa-miR-378g;20.24275167;-0.879
PYCRL;hsa-miR-296-5p;587.3567026;-0.878
QKI;hsa-miR-19a-3p;914.9764621;-0.878
PDLIM3;hsa-miR-137;76.22840678;-0.877
LSM11;hsa-miR-424-5p;289.8033133;-0.877
BBC3;hsa-miR-296-5p;587.3567026;-0.877
AKIRIN1;hsa-miR-27a-3p;50.30912201;-0.877
NUP85;hsa-miR-423-3p;64.82392148;-0.877
CIDEA;hsa-miR-24-3p;819.5934942;-0.876
ADM2;hsa-miR-378g;20.24275167;-0.876
MEIS3;hsa-miR-1246;971.9988886;-0.876
THRA;hsa-miR-423-5p;127.0302049;-0.875
C1orf226;hsa-miR-214-3p;258.7001716;-0.875
RPP25;hsa-miR-296-5p;587.3567026;-0.873
PRKACA;hsa-miR-423-5p;127.0302049;-0.871
NOVA1;hsa-miR-27a-3p;50.30912201;-0.871
GDF11;hsa-miR-1260a;1045.609657;-0.87
ZNF479;hsa-miR-199b-5p;187.1629456;-0.87
ZNF788;hsa-miR-199a-5p;1021.763915;-0.87
RPL31;hsa-miR-23a-3p;3244.601778;-0.87
SST;hsa-miR-23a-3p;3244.601778;-0.869
GPR173;hsa-miR-296-5p;587.3567026;-0.869
ZFP30;hsa-miR-181a-5p;388.2965955;-0.869
STRADB;hsa-miR-149-5p;216.1925446;-0.868
PXT1;hsa-let-7f-5p;1321.390847;-0.867
ZFP62;hsa-miR-181a-5p;388.2965955;-0.867
PMEPA1;hsa-miR-19a-3p;914.9764621;-0.865
P2RX6;hsa-miR-296-5p;587.3567026;-0.865
PRRT1;hsa-miR-423-5p;127.0302049;-0.864
LLGL1;hsa-miR-296-5p;587.3567026;-0.864
STRADB;hsa-miR-24-3p;819.5934942;-0.864
RP11-763F8.1;hsa-miR-199b-5p;187.1629456;-0.862
RAF1;hsa-miR-7-5p;81.41226374;-0.861
H3F3C;hsa-miR-22-3p;2033.652793;-0.861
ANO3;hsa-miR-16-5p;4886.847661;-0.86
RIIAD1;hsa-miR-450a-5p;1043.536115;-0.86
FAM230A;hsa-miR-3690;17.13243749;-0.86
MT1M;hsa-miR-24-3p;819.5934942;-0.858
FAM183A;hsa-miR-378g;20.24275167;-0.858
VMA21;hsa-miR-1283;1740.246489;-0.857
CCDC159;hsa-miR-378g;20.24275167;-0.857
MKNK2;hsa-miR-423-5p;127.0302049;-0.857
EIF4E2;hsa-miR-29a-3p;1140.992625;-0.856
MEIOB;hsa-miR-30b-5p;791.6006666;-0.856
CLRN3;hsa-miR-574-3p;156.0598039;-0.855
ZNF181;hsa-miR-181a-5p;388.2965955;-0.855
FAM219A;hsa-miR-423-5p;127.0302049;-0.854
ZNF429;hsa-miR-23a-3p;3244.601778;-0.852
FP15737;hsa-miR-424-5p;289.8033133;-0.852
C1orf143;hsa-miR-21-5p;3504.831397;-0.852
RP11-1396O13.13;hsa-miR-199b-5p;187.1629456;-0.852
ZIK1;hsa-miR-197-3p;544.8490755;-0.851
HOXA9;hsa-miR-423-3p;64.82392148;-0.851
TIMM8B;hsa-miR-29a-3p;1140.992625;-0.85
PRELID2;hsa-miR-22-3p;2033.652793;-0.849
CRTC1;hsa-miR-331-3p;58.60329314;-0.849
ZNF23;hsa-miR-199a-5p;1021.763915;-0.848
SH3PXD2A;hsa-miR-423-5p;127.0302049;-0.847
C17orf49;hsa-miR-214-3p;258.7001716;-0.847
RAP2C;hsa-miR-423-3p;64.82392148;-0.846
PLEKHA7;hsa-miR-296-5p;587.3567026;-0.846
LONRF1;hsa-miR-19a-3p;914.9764621;-0.845
TMEM211;hsa-let-7d-5p;546.9226183;-0.845
ZNF791;hsa-miR-1260a;1045.609657;-0.845
XXbac-BPG32J3.20;hsa-miR-214-3p;258.7001716;-0.845
ACTL7A;hsa-miR-423-5p;127.0302049;-0.844
SLC37A4;hsa-miR-28-5p;751.1665824;-0.844
C19orf82;hsa-miR-335-5p;296.0239417;-0.844
REL;hsa-miR-574-5p;248.3324577;-0.843
CLLU1;hsa-miR-342-3p;53.41943618;-0.843
EPDR1;hsa-miR-100-5p;2158.06536;-0.842
HBP1;hsa-miR-29b-3p;12997.51025;-0.842
CXCL13;hsa-miR-125b-5p;3856.296899;-0.842
HMHB1;hsa-miR-378g;20.24275167;-0.842
SECTM1;hsa-miR-296-5p;587.3567026;-0.841
RAVER2;hsa-miR-137;76.22840678;-0.841
FAM150B;hsa-miR-450a-5p;1043.536115;-0.841
TFEB;hsa-miR-423-5p;127.0302049;-0.84
BCAM;hsa-miR-199a-5p;1021.763915;-0.84
MED22;hsa-miR-324-5p;604.9818162;-0.84
TDG;hsa-miR-29a-3p;1140.992625;-0.84
FAM122C;hsa-miR-361-5p;1007.249116;-0.839
ROR1;hsa-miR-27a-3p;50.30912201;-0.839
PNPLA7;hsa-miR-214-3p;258.7001716;-0.839
SZRD1;hsa-miR-27a-3p;50.30912201;-0.839
RPL36A-HNRNPH2;hsa-miR-197-3p;544.8490755;-0.839
PIGH;hsa-miR-7-5p;81.41226374;-0.838
NAA20;hsa-miR-22-3p;2033.652793;-0.838
TSPAN18;hsa-miR-331-3p;58.60329314;-0.838
EED;hsa-miR-30b-5p;791.6006666;-0.836
KRTAP2-1;hsa-miR-423-3p;64.82392148;-0.836
SCARF1;hsa-miR-296-5p;587.3567026;-0.836
TIGD1;hsa-miR-137;76.22840678;-0.835
KIAA1467;hsa-miR-23a-3p;3244.601778;-0.834
C2orf88;hsa-miR-365a-3p;657.8571572;-0.834
TKTL1;hsa-miR-542-3p;4.691180801;-0.834
ENPP5;hsa-miR-130b-3p;37.86786531;-0.834
SCAMP5;hsa-miR-423-5p;127.0302049;-0.834
KCTD15;hsa-miR-296-5p;587.3567026;-0.833
BCL2L2-PABPN1;hsa-miR-1260a;1045.609657;-0.833
NXT2;hsa-miR-137;76.22840678;-0.832
RBL1;hsa-miR-324-5p;604.9818162;-0.832
PROZ;hsa-miR-423-3p;64.82392148;-0.832
ZBTB18;hsa-miR-19a-3p;914.9764621;-0.831
ZNF705A;hsa-miR-199a-5p;1021.763915;-0.831
ARFGAP1;hsa-miR-296-5p;587.3567026;-0.831
NFASC;hsa-miR-24-3p;819.5934942;-0.831
CENPM;hsa-miR-214-3p;258.7001716;-0.831
RELA;hsa-miR-185-5p;68.97100705;-0.831
ZNF544;hsa-miR-181a-5p;388.2965955;-0.831
ZBTB37;hsa-miR-149-5p;216.1925446;-0.83
DNAAF1;hsa-miR-221-3p;1845.997171;-0.83
AL359091.2;hsa-miR-1260a;1045.609657;-0.83
PLA2G6;hsa-miR-423-5p;127.0302049;-0.829
SERF1A;hsa-miR-106b-5p;2229.602586;-0.829
RPL11;hsa-miR-137;76.22840678;-0.829
SERF1B;hsa-miR-106b-5p;2229.602586;-0.829
MAPK10;hsa-miR-137;76.22840678;-0.829
LACRT;hsa-miR-378g;20.24275167;-0.829
AL627171.2;hsa-miR-365a-3p;657.8571572;-0.829
ST6GALNAC3;hsa-miR-27b-3p;2116.594504;-0.828
TNFRSF6B;hsa-miR-148a-3p;606.0185876;-0.828
TEX22;hsa-miR-296-5p;587.3567026;-0.827
TMSB15B;hsa-miR-221-3p;1845.997171;-0.827
PAX8;hsa-miR-296-5p;587.3567026;-0.826
SGCZ;hsa-miR-218-5p;43.05172227;-0.825
SERPINI2;hsa-miR-574-3p;156.0598039;-0.825
AL049840.1;hsa-miR-3690;17.13243749;-0.824
SDF2;hsa-miR-185-5p;68.97100705;-0.823
BCL2L2;hsa-miR-15a-5p;3497.573997;-0.823
AP1AR;hsa-miR-99b-5p;1602.355894;-0.823
INTU;hsa-miR-570-3p;23.35306584;-0.823
STATH;hsa-miR-137;76.22840678;-0.823
C1orf226;hsa-miR-7-5p;81.41226374;-0.823
RP11-45H22.3;hsa-miR-19a-3p;914.9764621;-0.823
DLGAP1;hsa-miR-30a-5p;8.838266365;-0.822
CCDC163P;hsa-miR-378g;20.24275167;-0.822
C17orf59;hsa-miR-1260a;1045.609657;-0.821
ALPK3;hsa-miR-296-5p;587.3567026;-0.819
SHOC2;hsa-miR-199a-5p;1021.763915;-0.819
IMPG1;hsa-miR-7-5p;81.41226374;-0.819
PAX2;hsa-miR-423-5p;127.0302049;-0.819
TYROBP;hsa-miR-218-5p;43.05172227;-0.819
PJA2;hsa-miR-455-5p;32.68400836;-0.818
CSNK2B;hsa-miR-1260a;1045.609657;-0.818
TTLL9;hsa-miR-149-5p;216.1925446;-0.818
HTN1;hsa-miR-222-3p;254.553086;-0.818
GDF3;hsa-miR-196a-5p;1465.502071;-0.817
B3GNT5;hsa-miR-30b-5p;791.6006666;-0.816
ST6GALNAC4;hsa-miR-99a-5p;184.0526315;-0.816
RP1-170O19.20;hsa-miR-365a-3p;657.8571572;-0.816
MED16;hsa-miR-423-5p;127.0302049;-0.815
HAPLN1;hsa-miR-199b-5p;187.1629456;-0.815
ZFP2;hsa-miR-199a-5p;1021.763915;-0.815
ZNF181;hsa-miR-221-3p;1845.997171;-0.815
NXPE1;hsa-miR-324-5p;604.9818162;-0.815
FRMD7;hsa-miR-149-5p;216.1925446;-0.814
IFI30;hsa-miR-29a-3p;1140.992625;-0.814
ISCA2;hsa-miR-296-5p;587.3567026;-0.814
MRPL34;hsa-miR-185-5p;68.97100705;-0.813
PNPLA2;hsa-miR-214-3p;258.7001716;-0.813
DBI;hsa-miR-1260a;1045.609657;-0.813
RIMS4;hsa-miR-296-5p;587.3567026;-0.813
MRPS14;hsa-miR-296-5p;587.3567026;-0.813
NR1I3;hsa-miR-99a-5p;184.0526315;-0.813
HOXB7;hsa-miR-196a-5p;1465.502071;-0.812
TRAM2;hsa-miR-185-5p;68.97100705;-0.811
HRCT1;hsa-miR-140-5p;390.3701383;-0.811
RNF146;hsa-miR-197-3p;544.8490755;-0.811
CITED4;hsa-miR-24-3p;819.5934942;-0.811
PGF;hsa-miR-214-3p;258.7001716;-0.811
FLJ27365;hsa-miR-296-5p;587.3567026;-0.81
PRAC1;hsa-miR-221-3p;1845.997171;-0.809
C1orf220;hsa-miR-29b-3p;12997.51025;-0.809
ONECUT2;hsa-miR-27a-3p;50.30912201;-0.809
TTC39A;hsa-miR-99a-5p;184.0526315;-0.809
RNF11;hsa-miR-19a-3p;914.9764621;-0.808
NUMBL;hsa-miR-296-5p;587.3567026;-0.808
CALML5;hsa-miR-423-5p;127.0302049;-0.807
ZNF679;hsa-miR-26a-5p;1411.589958;-0.807
TPD52;hsa-miR-218-5p;43.05172227;-0.806
PNMAL2;hsa-miR-296-5p;587.3567026;-0.806
CD80;hsa-miR-16-5p;4886.847661;-0.805
PTH;hsa-miR-424-5p;289.8033133;-0.805
C3orf70;hsa-miR-218-5p;43.05172227;-0.805
TMEM201;hsa-miR-296-5p;587.3567026;-0.805
RAE1;hsa-miR-185-5p;68.97100705;-0.805
COL11A1;hsa-miR-29a-3p;1140.992625;-0.804
NINJ1;hsa-miR-378g;20.24275167;-0.804
TST;hsa-miR-199a-5p;1021.763915;-0.804
C1orf74;hsa-miR-143-3p;4319.73371;-0.803
TMEM43;hsa-miR-214-3p;258.7001716;-0.803
LPHN1;hsa-miR-423-5p;127.0302049;-0.803
TFG;hsa-miR-221-3p;1845.997171;-0.802
COMMD7;hsa-miR-296-5p;587.3567026;-0.802
DRAM2;hsa-miR-125b-5p;3856.296899;-0.802
ZNF616;hsa-miR-199a-5p;1021.763915;-0.802
C1QTNF6;hsa-miR-29b-3p;12997.51025;-0.802
ZFP69B;hsa-miR-1246;971.9988886;-0.802
KLF16;hsa-miR-296-5p;587.3567026;-0.801
AQP11;hsa-miR-16-5p;4886.847661;-0.801
GIMAP5;hsa-miR-296-5p;587.3567026;-0.801
MTRNR2L13;hsa-miR-7-5p;81.41226374;-0.801
CDKN1A;hsa-miR-423-5p;127.0302049;-0.8
ZNF385D;hsa-miR-155-5p;843.4392362;-0.8
ADAMTS9;hsa-miR-29b-3p;12997.51025;-0.8
MAMSTR;hsa-miR-15a-5p;3497.573997;-0.8
ZDHHC16;hsa-miR-22-3p;2033.652793;-0.8
GAB4;hsa-miR-296-5p;587.3567026;-0.8
FAM53C;hsa-miR-1246;971.9988886;-0.8
GLYCTK;hsa-miR-423-5p;127.0302049;-0.799
BDNF;hsa-miR-10a-5p;649.562986;-0.799
GPR63;hsa-miR-570-3p;23.35306584;-0.798
CDCA4;hsa-miR-424-5p;289.8033133;-0.798
AC008132.1;hsa-miR-331-3p;58.60329314;-0.798
RASGRP2;hsa-miR-421;164.353975;-0.798
C16orf11;hsa-miR-423-5p;127.0302049;-0.798
CACNG6;hsa-miR-296-5p;587.3567026;-0.797
ACVR1;hsa-miR-130b-3p;37.86786531;-0.797
SAMD12;hsa-miR-218-5p;43.05172227;-0.797
USP41;hsa-miR-197-3p;544.8490755;-0.797
GNG13;hsa-miR-27a-3p;50.30912201;-0.796
C17orf64;hsa-miR-1260a;1045.609657;-0.796
WFDC10B;hsa-miR-218-5p;43.05172227;-0.796
ZNF625;hsa-miR-181a-5p;388.2965955;-0.796
STARD4;hsa-miR-1283;1740.246489;-0.796
TMEM41A;hsa-miR-335-5p;296.0239417;-0.795
HTR1F;hsa-miR-30b-5p;791.6006666;-0.795
INO80C;hsa-miR-214-3p;258.7001716;-0.795
GCNT1;hsa-miR-125a-5p;3263.263663;-0.794
TMEM132B;hsa-miR-3690;17.13243749;-0.792
ODF3L1;hsa-miR-423-5p;127.0302049;-0.792
NDUFA4;hsa-miR-7-5p;81.41226374;-0.792
USF1;hsa-miR-296-5p;587.3567026;-0.792
HTR2A;hsa-miR-424-5p;289.8033133;-0.791
ONECUT2;hsa-miR-218-5p;43.05172227;-0.791
CBX7;hsa-miR-423-3p;64.82392148;-0.79
HOXA5;hsa-miR-27a-3p;50.30912201;-0.79
CRTAC1;hsa-miR-455-5p;32.68400836;-0.79
APOBEC3F;hsa-miR-660-5p;95.92706321;-0.79
SNN;hsa-miR-148a-3p;606.0185876;-0.79
ZNF778;hsa-miR-181a-5p;388.2965955;-0.79
RFXANK;hsa-miR-125a-5p;3263.263663;-0.789
NGF;hsa-let-7d-5p;546.9226183;-0.789
VGLL1;hsa-miR-29a-3p;1140.992625;-0.789
LCOR;hsa-miR-196a-5p;1465.502071;-0.789
PKP4;hsa-miR-23a-3p;3244.601778;-0.789
CXCL1;hsa-miR-570-3p;23.35306584;-0.789
MYL12B;hsa-miR-378g;20.24275167;-0.788
SLA2;hsa-miR-1260a;1045.609657;-0.788
C10orf99;hsa-miR-423-3p;64.82392148;-0.788
SYNGR1;hsa-miR-296-5p;587.3567026;-0.787
SCRT1;hsa-miR-296-5p;587.3567026;-0.787
GADD45A;hsa-miR-148a-3p;606.0185876;-0.787
MIS12;hsa-miR-222-3p;254.553086;-0.787
TPI1;hsa-miR-378g;20.24275167;-0.786
BATF3;hsa-miR-22-3p;2033.652793;-0.786
CCK;hsa-miR-574-5p;248.3324577;-0.786
NUTM2G;hsa-miR-296-5p;587.3567026;-0.786
ACBD7;hsa-miR-455-5p;32.68400836;-0.786
MSMP;hsa-miR-140-5p;390.3701383;-0.786
MRPL30;hsa-miR-570-3p;23.35306584;-0.785
APOBEC3C;hsa-miR-28-5p;751.1665824;-0.785
ESRRG;hsa-miR-137;76.22840678;-0.785
RPUSD3;hsa-let-7d-5p;546.9226183;-0.785
C2orf15;hsa-miR-570-3p;23.35306584;-0.785
PSMC5;hsa-miR-185-5p;68.97100705;-0.784
PUS10;hsa-miR-342-3p;53.41943618;-0.784
MEIS1;hsa-miR-423-3p;64.82392148;-0.784
CTNS;hsa-miR-296-5p;587.3567026;-0.783
ALX4;hsa-miR-296-5p;587.3567026;-0.783
MTRNR2L4;hsa-miR-196a-5p;1465.502071;-0.783
POU6F2;hsa-miR-9-5p;176.7952317;-0.783
BTG2;hsa-miR-25-3p;2078.233963;-0.782
PRX;hsa-miR-296-5p;587.3567026;-0.782
LCN8;hsa-miR-27a-3p;50.30912201;-0.782
CPEB1;hsa-miR-130b-3p;37.86786531;-0.782
RPS13;hsa-miR-137;76.22840678;-0.782
ZNF404;hsa-miR-455-5p;32.68400836;-0.782
PPDPF;hsa-miR-423-5p;127.0302049;-0.781
EIF4EBP3;hsa-miR-22-3p;2033.652793;-0.779
NF2;hsa-miR-378g;20.24275167;-0.779
SLC9A6;hsa-miR-196a-5p;1465.502071;-0.779
CCNC;hsa-miR-27a-3p;50.30912201;-0.779
PLEKHG4B;hsa-miR-3690;17.13243749;-0.778
DDIT4;hsa-miR-22-3p;2033.652793;-0.778
GP9;hsa-miR-378g;20.24275167;-0.778
CCDC19;hsa-miR-424-5p;289.8033133;-0.778
TMEM30C;hsa-miR-197-3p;544.8490755;-0.778
ETV3L;hsa-miR-185-5p;68.97100705;-0.778
MCF2;hsa-miR-378g;20.24275167;-0.778
RP11-1167A19.2;hsa-miR-149-5p;216.1925446;-0.778
HBP1;hsa-miR-19a-3p;914.9764621;-0.777
FAM127B;hsa-miR-28-5p;751.1665824;-0.777
TSPAN31;hsa-miR-149-5p;216.1925446;-0.777
ZNF677;hsa-miR-542-3p;4.691180801;-0.777
GRAPL;hsa-miR-378g;20.24275167;-0.776
MCOLN3;hsa-miR-132-3p;123.9198908;-0.776
YIF1A;hsa-miR-423-5p;127.0302049;-0.776
NDUFA4L2;hsa-miR-378g;20.24275167;-0.776
DENND2C;hsa-miR-143-3p;4319.73371;-0.775
MMD;hsa-miR-140-5p;390.3701383;-0.774
WIPF1;hsa-miR-1260a;1045.609657;-0.774
TMEM70;hsa-miR-191-5p;806.1154661;-0.774
AC079354.2;hsa-miR-29a-3p;1140.992625;-0.774
FUT9;hsa-miR-22-3p;2033.652793;-0.773
PDE1C;hsa-miR-148a-3p;606.0185876;-0.773
ARL8B;hsa-miR-148a-3p;606.0185876;-0.773
DNAL4;hsa-miR-1260a;1045.609657;-0.772
ADAMTS2;hsa-miR-29b-3p;12997.51025;-0.772
SNAP25;hsa-miR-27a-3p;50.30912201;-0.772
MITF;hsa-miR-137;76.22840678;-0.772
CYLC1;hsa-miR-7-5p;81.41226374;-0.772
CTRC;hsa-miR-149-5p;216.1925446;-0.772
PGAP3;hsa-miR-423-5p;127.0302049;-0.772
OGN;hsa-miR-361-5p;1007.249116;-0.771
PLBD2;hsa-miR-423-5p;127.0302049;-0.771
CCDC79;hsa-miR-450a-5p;1043.536115;-0.771
SLC22A25;hsa-miR-27a-3p;50.30912201;-0.77
ZNF16;hsa-miR-423-3p;64.82392148;-0.769
ARSJ;hsa-miR-10a-5p;649.562986;-0.769
TEX19;hsa-miR-331-3p;58.60329314;-0.769
NPHS2;hsa-miR-574-5p;248.3324577;-0.769
ZBTB37;hsa-miR-570-3p;23.35306584;-0.769
STRA6;hsa-miR-149-5p;216.1925446;-0.769
REPIN1;hsa-miR-423-5p;127.0302049;-0.769
HAND1;hsa-miR-196a-5p;1465.502071;-0.768
FGF7;hsa-miR-296-5p;587.3567026;-0.768
H2AFV;hsa-miR-139-5p;78.30194957;-0.768
TRPM7;hsa-miR-9-5p;176.7952317;-0.768
ACVR1;hsa-miR-365a-3p;657.8571572;-0.767
SLC9A6;hsa-miR-16-5p;4886.847661;-0.767
NEK10;hsa-miR-107;2118.668047;-0.766
DUSP10;hsa-miR-450a-5p;1043.536115;-0.766
CDCP2;hsa-miR-331-3p;58.60329314;-0.766
PABPN1;hsa-miR-1260a;1045.609657;-0.766
NPTN;hsa-miR-148a-3p;606.0185876;-0.765
CALY;hsa-miR-296-5p;587.3567026;-0.765
GUCD1;hsa-miR-149-5p;216.1925446;-0.765
MYRF;hsa-miR-199a-5p;1021.763915;-0.764
SLC9A8;hsa-miR-15b-5p;7734.858672;-0.764
C12orf71;hsa-miR-1246;971.9988886;-0.764
XKR4;hsa-miR-570-3p;23.35306584;-0.763
GPR141;hsa-miR-660-5p;95.92706321;-0.763
KCNA4;hsa-miR-19a-3p;914.9764621;-0.762
C21orf88;hsa-miR-574-5p;248.3324577;-0.762
PDCD1;hsa-miR-423-5p;127.0302049;-0.762
SERP1;hsa-miR-218-5p;43.05172227;-0.761
MOB1B;hsa-miR-570-3p;23.35306584;-0.761
RTP1;hsa-miR-125a-5p;3263.263663;-0.761
FAM53B;hsa-miR-296-5p;587.3567026;-0.761
HS3ST2;hsa-miR-100-5p;2158.06536;-0.76
ZNF343;hsa-miR-574-5p;248.3324577;-0.76
NEUROD1;hsa-miR-19a-3p;914.9764621;-0.76
SH2D7;hsa-miR-324-5p;604.9818162;-0.76
C1QTNF6;hsa-miR-423-5p;127.0302049;-0.76
KRTAP1-5;hsa-miR-214-3p;258.7001716;-0.759
SLC39A5;hsa-miR-193b-3p;12.98535193;-0.759
B3GNT6;hsa-miR-1260a;1045.609657;-0.759
CELSR1;hsa-miR-199a-5p;1021.763915;-0.758
NDUFA12;hsa-miR-140-5p;390.3701383;-0.758
FCER2;hsa-miR-185-5p;68.97100705;-0.757
ZMYND11;hsa-miR-196a-5p;1465.502071;-0.757
CTLA4;hsa-miR-324-5p;604.9818162;-0.757
NHLRC3;hsa-miR-28-3p;232.7808868;-0.757
RPL15;hsa-miR-25-3p;2078.233963;-0.756
PCGF3;hsa-miR-574-5p;248.3324577;-0.755
ZSWIM1;hsa-miR-574-5p;248.3324577;-0.755
IFITM5;hsa-miR-423-5p;127.0302049;-0.755
PRR23A;hsa-let-7a-5p;37394.81463;-0.755
BZW1;hsa-let-7f-5p;1321.390847;-0.755
GPR63;hsa-miR-199a-5p;1021.763915;-0.754
DAD1;hsa-miR-378g;20.24275167;-0.754
PTPRCAP;hsa-miR-542-3p;4.691180801;-0.754
TCL1B;hsa-miR-423-5p;127.0302049;-0.754
PDSS1;hsa-miR-22-3p;2033.652793;-0.754
ORMDL1;hsa-miR-320e;10.91180915;-0.754
SLC35B2;hsa-miR-29a-3p;1140.992625;-0.754
KIAA0247;hsa-miR-7-5p;81.41226374;-0.753
AL136115.1;hsa-let-7a-5p;37394.81463;-0.753
AC023632.1;hsa-miR-155-5p;843.4392362;-0.753
ZNF286A;hsa-miR-181a-5p;388.2965955;-0.753
PROB1;hsa-miR-296-5p;587.3567026;-0.753
PSMG4;hsa-miR-296-5p;587.3567026;-0.753
RP11-542P2.1;hsa-miR-296-5p;587.3567026;-0.753
EDA;hsa-miR-140-5p;390.3701383;-0.753
ZNF66;hsa-miR-570-3p;23.35306584;-0.753
CLDN11;hsa-miR-25-3p;2078.233963;-0.752
SOX13;hsa-miR-185-5p;68.97100705;-0.752
ORC3;hsa-miR-191-5p;806.1154661;-0.752
TLX1NB;hsa-miR-296-5p;587.3567026;-0.752
GDF7;hsa-miR-296-5p;587.3567026;-0.751
AGFG1;hsa-miR-107;2118.668047;-0.751
SAMD1;hsa-miR-3690;17.13243749;-0.751
RP11-58C22.1;hsa-miR-574-5p;248.3324577;-0.751
SNX4;hsa-miR-222-3p;254.553086;-0.75
SLC39A4;hsa-miR-378g;20.24275167;-0.75
TRPM2;hsa-miR-296-5p;587.3567026;-0.75
CTSF;hsa-miR-3690;17.13243749;-0.75
YOD1;hsa-miR-140-5p;390.3701383;-0.75
TMEM181;hsa-miR-30b-5p;791.6006666;-0.75
C7orf73;hsa-miR-29a-3p;1140.992625;-0.75
TCF15;hsa-miR-342-3p;53.41943618;-0.749
ESPNL;hsa-miR-214-3p;258.7001716;-0.749
NPEPL1;hsa-miR-148a-3p;606.0185876;-0.749
AGFG1;hsa-miR-19a-3p;914.9764621;-0.748
ARL10;hsa-miR-22-3p;2033.652793;-0.748
VANGL1;hsa-miR-331-3p;58.60329314;-0.748
MYB;hsa-miR-424-5p;289.8033133;-0.748
SAA1;hsa-miR-660-5p;95.92706321;-0.748
AC016559.1;hsa-miR-1283;1740.246489;-0.748
BTLA;hsa-miR-424-5p;289.8033133;-0.747
TEAD1;hsa-miR-1283;1740.246489;-0.747
MEF2D;hsa-miR-423-5p;127.0302049;-0.746
BAG1;hsa-miR-28-5p;751.1665824;-0.746
KCNJ5;hsa-miR-149-5p;216.1925446;-0.746
S100A7A;hsa-miR-574-5p;248.3324577;-0.745
COL2A1;hsa-miR-29b-3p;12997.51025;-0.745
NRBP2;hsa-miR-423-5p;127.0302049;-0.745
SPINK13;hsa-miR-342-3p;53.41943618;-0.745
CACNG8;hsa-miR-296-5p;587.3567026;-0.744
RNF41;hsa-miR-1260a;1045.609657;-0.744
KCNIP3;hsa-miR-296-5p;587.3567026;-0.743
WSB2;hsa-miR-222-3p;254.553086;-0.743
ORAI2;hsa-miR-296-5p;587.3567026;-0.743
LYPLA2;hsa-miR-296-5p;587.3567026;-0.743
MITF;hsa-miR-148a-3p;606.0185876;-0.742
NSG1;hsa-miR-199b-5p;187.1629456;-0.742
DTNA;hsa-miR-19a-3p;914.9764621;-0.741
RAD23B;hsa-miR-199a-5p;1021.763915;-0.741
SPTSSB;hsa-miR-19a-3p;914.9764621;-0.741
COLGALT2;hsa-miR-542-3p;4.691180801;-0.741
GDI1;hsa-miR-1260a;1045.609657;-0.741
C15orf53;hsa-miR-125b-5p;3856.296899;-0.74
BCAS1;hsa-miR-423-3p;64.82392148;-0.739
AC129492.6;hsa-miR-296-5p;587.3567026;-0.739
TAF7L;hsa-miR-193b-3p;12.98535193;-0.738
TRIM71;hsa-miR-125a-5p;3263.263663;-0.738
ARMC5;hsa-miR-296-5p;587.3567026;-0.738
ASTE1;hsa-miR-191-5p;806.1154661;-0.738
AP1M1;hsa-miR-331-3p;58.60329314;-0.737
SWSAP1;hsa-let-7d-5p;546.9226183;-0.737
C19orf73;hsa-miR-324-5p;604.9818162;-0.737
LOXL3;hsa-miR-423-3p;64.82392148;-0.736
CYCS;hsa-miR-29b-3p;12997.51025;-0.736
TUSC5;hsa-miR-296-5p;587.3567026;-0.736
AGER;hsa-miR-296-5p;587.3567026;-0.736
PALM2;hsa-miR-185-5p;68.97100705;-0.736
CLCN6;hsa-miR-148a-3p;606.0185876;-0.735
DPY30;hsa-miR-139-5p;78.30194957;-0.735
LYSMD1;hsa-miR-29a-3p;1140.992625;-0.734
NBEAL1;hsa-miR-570-3p;23.35306584;-0.734
RPS6KA5;hsa-miR-130a-3p;3480.985655;-0.733
HEYL;hsa-miR-296-5p;587.3567026;-0.733
SNX2;hsa-miR-140-5p;390.3701383;-0.733
AC104667.3;hsa-miR-378g;20.24275167;-0.733
CYB561D1;hsa-miR-484;159.1701181;-0.733
PABPC3;hsa-miR-423-3p;64.82392148;-0.732
SPRYD3;hsa-miR-15b-5p;7734.858672;-0.732
S100Z;hsa-miR-320e;10.91180915;-0.732
HECTD2;hsa-miR-218-5p;43.05172227;-0.732
BAK1;hsa-miR-125b-5p;3856.296899;-0.732
PANX2;hsa-miR-423-3p;64.82392148;-0.731
HAND1;hsa-let-7d-5p;546.9226183;-0.731
TMED2;hsa-miR-455-5p;32.68400836;-0.731
ZBTB42;hsa-miR-199a-5p;1021.763915;-0.731
MPPED2;hsa-miR-19a-3p;914.9764621;-0.731
SNX12;hsa-miR-296-5p;587.3567026;-0.731
SLC35E3;hsa-miR-24-3p;819.5934942;-0.731
TRPC4AP;hsa-miR-296-5p;587.3567026;-0.731
RP11-849H4.2;hsa-miR-197-3p;544.8490755;-0.731
TWF1;hsa-miR-30c-5p;49.27235062;-0.731
SERTM1;hsa-miR-10a-5p;649.562986;-0.73
TMLHE;hsa-miR-125a-5p;3263.263663;-0.73
R3HDM2;hsa-miR-542-3p;4.691180801;-0.73
KIAA1614;hsa-miR-331-3p;58.60329314;-0.73
PTPRT;hsa-miR-149-5p;216.1925446;-0.73
ERI2;hsa-miR-7-5p;81.41226374;-0.73
BLOC1S6;hsa-miR-421;164.353975;-0.729
LIN7C;hsa-miR-22-3p;2033.652793;-0.729
CRLF3;hsa-miR-10b-5p;90.74320626;-0.729
MED19;hsa-miR-214-3p;258.7001716;-0.729
CRYBG3;hsa-miR-199b-5p;187.1629456;-0.729
LIMK1;hsa-miR-423-5p;127.0302049;-0.729
DUSP15;hsa-miR-296-5p;587.3567026;-0.729
BEND4;hsa-miR-421;164.353975;-0.729
ZNF878;hsa-miR-199a-5p;1021.763915;-0.729
COL5A3;hsa-miR-29a-3p;1140.992625;-0.728
GAS8;hsa-miR-378g;20.24275167;-0.728
SNCB;hsa-miR-149-5p;216.1925446;-0.728
SWSAP1;hsa-miR-125b-5p;3856.296899;-0.728
LPGAT1;hsa-let-7g-5p;5649.911405;-0.728
MGAT5B;hsa-miR-296-5p;587.3567026;-0.728
MEX3C;hsa-miR-151a-3p;147.7656328;-0.728
FUT9;hsa-miR-1246;971.9988886;-0.727
CALCR;hsa-miR-24-3p;819.5934942;-0.727
C22orf46;hsa-miR-1260a;1045.609657;-0.727
NUTM2D;hsa-miR-296-5p;587.3567026;-0.727
SLC4A5;hsa-miR-296-5p;587.3567026;-0.727
KRT76;hsa-miR-148a-3p;606.0185876;-0.726
RNASEL;hsa-miR-29b-3p;12997.51025;-0.726
HGFAC;hsa-miR-296-5p;587.3567026;-0.726
CTD-2330K9.3;hsa-miR-378g;20.24275167;-0.726
CRABP1;hsa-miR-324-5p;604.9818162;-0.725
CDK5R1;hsa-miR-148a-3p;606.0185876;-0.725
ZNF513;hsa-miR-331-3p;58.60329314;-0.725
BCL2L11;hsa-miR-24-3p;819.5934942;-0.725
C8orf22;hsa-miR-365a-3p;657.8571572;-0.725
ISM2;hsa-miR-24-3p;819.5934942;-0.725
OSGEP;hsa-miR-137;76.22840678;-0.725
TECR;hsa-miR-296-5p;587.3567026;-0.725
RFPL2;hsa-miR-10a-5p;649.562986;-0.724
SSBP4;hsa-miR-296-5p;587.3567026;-0.724
EIF5A2;hsa-miR-222-3p;254.553086;-0.724
RP11-9B6.1;hsa-miR-137;76.22840678;-0.724
SMIM17;hsa-miR-29a-3p;1140.992625;-0.724
SERINC4;hsa-miR-151a-3p;147.7656328;-0.723
PRTFDC1;hsa-miR-574-5p;248.3324577;-0.723
PHACTR1;hsa-miR-24-3p;819.5934942;-0.723
MAF;hsa-miR-130a-3p;3480.985655;-0.723
GPR139;hsa-miR-28-5p;751.1665824;-0.723
NPL;hsa-miR-125b-5p;3856.296899;-0.722
ENPP5;hsa-miR-93-5p;3866.664612;-0.722
TGFBR1;hsa-let-7d-5p;546.9226183;-0.722
KRTAP5-5;hsa-miR-218-5p;43.05172227;-0.722
RBM6;hsa-miR-424-5p;289.8033133;-0.721
RNPEPL1;hsa-miR-423-5p;127.0302049;-0.721
PF4;hsa-miR-27a-3p;50.30912201;-0.721
ZNF367;hsa-miR-21-5p;3504.831397;-0.721
GPR155;hsa-miR-197-3p;544.8490755;-0.721
HOXA9;hsa-miR-365a-3p;657.8571572;-0.721
CBX6;hsa-miR-423-5p;127.0302049;-0.721
PXN;hsa-miR-27a-3p;50.30912201;-0.721
RP11-9B6.1;hsa-miR-570-3p;23.35306584;-0.721
BRK1;hsa-miR-1260a;1045.609657;-0.721
GPX4;hsa-miR-214-3p;258.7001716;-0.721
CDC34;hsa-let-7d-5p;546.9226183;-0.72
STARD3;hsa-miR-149-5p;216.1925446;-0.72
KRTAP26-1;hsa-miR-130a-3p;3480.985655;-0.72
TMEM184B;hsa-miR-296-5p;587.3567026;-0.72
CACHD1;hsa-miR-149-5p;216.1925446;-0.72
TGIF2;hsa-miR-296-5p;587.3567026;-0.72
MGRN1;hsa-miR-423-3p;64.82392148;-0.72
AC119673.1;hsa-miR-320e;10.91180915;-0.72
RNF38;hsa-miR-130b-3p;37.86786531;-0.719
IL18;hsa-miR-23a-3p;3244.601778;-0.719
ORMDL3;hsa-miR-331-3p;58.60329314;-0.719
PABPC1;hsa-miR-423-3p;64.82392148;-0.719
AMER1;hsa-miR-149-5p;216.1925446;-0.719
APOL4;hsa-miR-149-5p;216.1925446;-0.719
FTHL17;hsa-miR-137;76.22840678;-0.719
MVB12B;hsa-miR-22-3p;2033.652793;-0.719
C9orf40;hsa-miR-1260a;1045.609657;-0.719
AC023469.1;hsa-miR-181a-5p;388.2965955;-0.719
MDGA2;hsa-miR-218-5p;43.05172227;-0.719
H3F3B;hsa-miR-22-3p;2033.652793;-0.719
TECR;hsa-miR-423-5p;127.0302049;-0.719
FOXK1;hsa-miR-296-5p;587.3567026;-0.718
PCBP4;hsa-miR-296-5p;587.3567026;-0.718
LIX1L;hsa-miR-196a-5p;1465.502071;-0.718
SCAMP5;hsa-miR-378g;20.24275167;-0.718
DNAJA2;hsa-miR-19b-3p;2940.82776;-0.717
CCDC65;hsa-miR-378g;20.24275167;-0.717
TUBD1;hsa-miR-570-3p;23.35306584;-0.717
CD2;hsa-miR-423-3p;64.82392148;-0.717
ERI3;hsa-miR-378g;20.24275167;-0.717
UPB1;hsa-miR-3690;17.13243749;-0.717
MT1E;hsa-miR-24-3p;819.5934942;-0.716
HM13;hsa-miR-296-5p;587.3567026;-0.716
SPO11;hsa-miR-191-5p;806.1154661;-0.716
C5orf56;hsa-miR-19a-3p;914.9764621;-0.716
ZNF740;hsa-miR-342-3p;53.41943618;-0.716
TAS2R14;hsa-miR-28-5p;751.1665824;-0.716
TMSB15B;hsa-miR-137;76.22840678;-0.716
CD96;hsa-miR-574-5p;248.3324577;-0.715
CCNL2;hsa-miR-185-5p;68.97100705;-0.715
HDDC2;hsa-miR-23a-3p;3244.601778;-0.715
DGKG;hsa-miR-574-5p;248.3324577;-0.714
FAM35A;hsa-miR-221-3p;1845.997171;-0.714
CXCL10;hsa-miR-296-5p;587.3567026;-0.714
RBM47;hsa-miR-199a-5p;1021.763915;-0.714
CARD16;hsa-miR-378g;20.24275167;-0.714
CCDC70;hsa-miR-574-5p;248.3324577;-0.713
APPL2;hsa-miR-137;76.22840678;-0.713
IREB2;hsa-miR-29a-3p;1140.992625;-0.713
C2orf80;hsa-miR-155-5p;843.4392362;-0.713
HYI;hsa-miR-214-3p;258.7001716;-0.713
MTRNR2L9;hsa-miR-33a-5p;100.0741488;-0.713
IL2;hsa-miR-181a-5p;388.2965955;-0.712
YPEL2;hsa-miR-29a-3p;1140.992625;-0.712
C3orf56;hsa-miR-423-5p;127.0302049;-0.712
RABGAP1L;hsa-miR-218-5p;43.05172227;-0.712
AC140061.12;hsa-miR-574-5p;248.3324577;-0.712
HOXB1;hsa-let-7d-5p;546.9226183;-0.711
C1orf204;hsa-miR-3690;17.13243749;-0.711
CBWD7;hsa-miR-132-3p;123.9198908;-0.711
AL391152.1;hsa-miR-33a-5p;100.0741488;-0.711
CCDC138;hsa-miR-29a-3p;1140.992625;-0.711
SMIM3;hsa-let-7d-5p;546.9226183;-0.711
BSN;hsa-miR-296-5p;587.3567026;-0.71
PPP1R16B;hsa-miR-214-3p;258.7001716;-0.71
CCR4;hsa-miR-149-5p;216.1925446;-0.71
MT-ND4L;hsa-miR-455-5p;32.68400836;-0.71
KHDC1L;hsa-miR-21-5p;3504.831397;-0.71
sep.02;hsa-miR-140-5p;390.3701383;-0.71
C19orf54;hsa-miR-125b-5p;3856.296899;-0.71
NEUROD4;hsa-miR-137;76.22840678;-0.709
CLPS;hsa-miR-378g;20.24275167;-0.709
EMC4;hsa-miR-424-5p;289.8033133;-0.709
SAP30L;hsa-miR-132-3p;123.9198908;-0.709
AP1S2;hsa-miR-9-5p;176.7952317;-0.709
NASP;hsa-miR-29a-3p;1140.992625;-0.709
TCF4;hsa-miR-137;76.22840678;-0.709
GRP;hsa-miR-7-5p;81.41226374;-0.709
SMLR1;hsa-miR-218-5p;43.05172227;-0.709
GREM1;hsa-miR-151a-3p;147.7656328;-0.709
STOML1;hsa-miR-378g;20.24275167;-0.709
GSTT2;hsa-miR-28-5p;751.1665824;-0.708
GSTT2B;hsa-miR-28-5p;751.1665824;-0.708
MOSPD1;hsa-miR-218-5p;43.05172227;-0.708
CEP95;hsa-miR-149-5p;216.1925446;-0.708
AL355390.1;hsa-miR-22-3p;2033.652793;-0.707
PIP4K2A;hsa-miR-30b-5p;791.6006666;-0.707
GATM;hsa-let-7a-5p;37394.81463;-0.707
CAPSL;hsa-miR-574-5p;248.3324577;-0.707
MS4A12;hsa-miR-151a-3p;147.7656328;-0.706
TXN2;hsa-miR-27b-3p;2116.594504;-0.706
HHLA1;hsa-miR-331-3p;58.60329314;-0.706
AK2;hsa-miR-148a-3p;606.0185876;-0.706
VAPB;hsa-miR-221-3p;1845.997171;-0.706
C7orf73;hsa-miR-660-5p;95.92706321;-0.706
SCRT1;hsa-miR-423-5p;127.0302049;-0.705
PATE2;hsa-miR-455-5p;32.68400836;-0.705
NGFRAP1;hsa-miR-27a-3p;50.30912201;-0.705
PTPN14;hsa-miR-320e;10.91180915;-0.705
SMCP;hsa-miR-137;76.22840678;-0.705
CETN2;hsa-miR-218-5p;43.05172227;-0.705
ISOC2;hsa-miR-1260a;1045.609657;-0.705
COL4A5;hsa-miR-29b-3p;12997.51025;-0.704
MPV17L2;hsa-miR-423-5p;127.0302049;-0.704
PRR15L;hsa-miR-149-5p;216.1925446;-0.703
FAM3C;hsa-miR-365a-3p;657.8571572;-0.703
PPCS;hsa-miR-25-3p;2078.233963;-0.703
KCNC1;hsa-miR-423-5p;127.0302049;-0.703
BIN2;hsa-miR-125b-5p;3856.296899;-0.703
APOA2;hsa-miR-7-5p;81.41226374;-0.703
ZNF302;hsa-miR-139-5p;78.30194957;-0.703
AL590452.1;hsa-miR-424-5p;289.8033133;-0.703
CCDC134;hsa-miR-24-3p;819.5934942;-0.702
ASUN;hsa-miR-455-5p;32.68400836;-0.702
TAOK1;hsa-miR-19b-3p;2940.82776;-0.702
PDPN;hsa-miR-199a-5p;1021.763915;-0.702
GABRB1;hsa-miR-30b-5p;791.6006666;-0.702
LPP;hsa-miR-186-5p;158.1333467;-0.702
USH1C;hsa-miR-320e;10.91180915;-0.702
IRX5;hsa-miR-222-3p;254.553086;-0.702
TSNARE1;hsa-miR-125a-5p;3263.263663;-0.702
HDDC3;hsa-miR-1260a;1045.609657;-0.702
TLDC2;hsa-miR-421;164.353975;-0.701
RAB3D;hsa-miR-125b-5p;3856.296899;-0.701
TMEM141;hsa-miR-324-5p;604.9818162;-0.701
PRDM7;hsa-miR-331-3p;58.60329314;-0.701
NET1;hsa-miR-22-3p;2033.652793;-0.701
NRAS;hsa-miR-196b-5p;707.6221839;-0.701
SLC22A7;hsa-miR-29b-3p;12997.51025;-0.701
PRKG1;hsa-miR-570-3p;23.35306584;-0.701
ARSD;hsa-miR-484;159.1701181;-0.701
EPB41L2;hsa-miR-140-5p;390.3701383;-0.701
UBL4B;hsa-miR-214-3p;258.7001716;-0.7
STK40;hsa-miR-296-5p;587.3567026;-0.7
XG;hsa-miR-324-5p;604.9818162;-0.7
GNPDA1;hsa-miR-28-3p;232.7808868;-0.699
RIPPLY3;hsa-miR-149-5p;216.1925446;-0.699
COL4A1;hsa-miR-29b-3p;12997.51025;-0.699
C12orf75;hsa-miR-130b-3p;37.86786531;-0.699
EPC2;hsa-miR-196a-5p;1465.502071;-0.698
C16orf45;hsa-miR-296-5p;587.3567026;-0.698
NME9;hsa-miR-196b-5p;707.6221839;-0.698
PLA2G10;hsa-miR-19a-3p;914.9764621;-0.698
RAX;hsa-miR-423-5p;127.0302049;-0.697
ALPK3;hsa-miR-378g;20.24275167;-0.697
OGN;hsa-miR-22-3p;2033.652793;-0.697
C18orf25;hsa-miR-148b-3p;1222.897565;-0.697
SYT2;hsa-miR-149-5p;216.1925446;-0.697
ZNF322;hsa-miR-342-3p;53.41943618;-0.697
PANK2;hsa-miR-151a-3p;147.7656328;-0.697
FAM101A;hsa-miR-24-3p;819.5934942;-0.697
KCNG4;hsa-miR-484;159.1701181;-0.697
SOS2;hsa-miR-148a-3p;606.0185876;-0.696
CHD5;hsa-miR-296-5p;587.3567026;-0.696
SLC6A3;hsa-miR-574-3p;156.0598039;-0.696
DTWD2;hsa-miR-570-3p;23.35306584;-0.696
KRT80;hsa-miR-296-5p;587.3567026;-0.696
CIR1;hsa-miR-378g;20.24275167;-0.696
KAZALD1;hsa-miR-296-5p;587.3567026;-0.696
MTRNR2L3;hsa-miR-33a-5p;100.0741488;-0.696
CXCR5;hsa-miR-331-3p;58.60329314;-0.695
CD209;hsa-miR-423-5p;127.0302049;-0.695
CYTH3;hsa-miR-22-3p;2033.652793;-0.695
CTAG1B;hsa-miR-423-5p;127.0302049;-0.695
CTAG1A;hsa-miR-423-5p;127.0302049;-0.695
CBY1;hsa-miR-130b-3p;37.86786531;-0.694
CCT5;hsa-miR-221-3p;1845.997171;-0.694
THOC7;hsa-miR-335-5p;296.0239417;-0.694
CD209;hsa-miR-185-5p;68.97100705;-0.694
MICU3;hsa-miR-23b-3p;491.9737346;-0.694
STARD13;hsa-miR-125b-5p;3856.296899;-0.694
S100A3;hsa-miR-296-5p;587.3567026;-0.694
XIRP1;hsa-miR-378g;20.24275167;-0.694
BTN2A1;hsa-miR-342-3p;53.41943618;-0.694
PIN1;hsa-miR-296-5p;587.3567026;-0.693
CPA3;hsa-miR-155-5p;843.4392362;-0.693
ABHD12B;hsa-miR-21-5p;3504.831397;-0.693
S1PR3;hsa-miR-296-5p;587.3567026;-0.693
KLF12;hsa-miR-137;76.22840678;-0.693
C5orf52;hsa-miR-139-5p;78.30194957;-0.693
RP11-422N16.3;hsa-miR-3690;17.13243749;-0.693
TMEM167A;hsa-miR-455-5p;32.68400836;-0.693
AL583828.1;hsa-miR-139-5p;78.30194957;-0.693
MZF1;hsa-miR-423-3p;64.82392148;-0.693
TRAK2;hsa-miR-455-5p;32.68400836;-0.692
SYNE1;hsa-miR-22-3p;2033.652793;-0.692
CASP5;hsa-miR-15a-5p;3497.573997;-0.692
CDPF1;hsa-miR-423-5p;127.0302049;-0.692
LYNX1;hsa-miR-296-5p;587.3567026;-0.692
GSDMD;hsa-miR-296-5p;587.3567026;-0.692
AC002472.13;hsa-miR-3690;17.13243749;-0.692
FLJ00388;hsa-miR-423-5p;127.0302049;-0.692
AC093677.1;hsa-miR-450a-5p;1043.536115;-0.692
ZC2HC1B;hsa-miR-155-5p;843.4392362;-0.691
TMEM169;hsa-miR-29b-3p;12997.51025;-0.691
TRMT10C;hsa-miR-139-5p;78.30194957;-0.691
CAPN11;hsa-miR-214-3p;258.7001716;-0.691
LHFPL2;hsa-miR-140-5p;390.3701383;-0.691
KCNJ6;hsa-miR-218-5p;43.05172227;-0.691
ZFYVE21;hsa-miR-32-5p;896.3145771;-0.69
CTDSP1;hsa-miR-296-5p;587.3567026;-0.69
CDS1;hsa-miR-19a-3p;914.9764621;-0.69
TREML4;hsa-miR-296-5p;587.3567026;-0.69
VNN1;hsa-miR-99a-5p;184.0526315;-0.69
KHDC3L;hsa-miR-3690;17.13243749;-0.69
CEMP1;hsa-miR-296-5p;587.3567026;-0.69
TIMM9;hsa-miR-132-3p;123.9198908;-0.69
ITGB1;hsa-miR-423-3p;64.82392148;-0.69
TIFAB;hsa-miR-185-5p;68.97100705;-0.69
AK4;hsa-miR-362-3p;34.75755114;-0.69
HPR;hsa-miR-362-3p;34.75755114;-0.69
ZNF626;hsa-miR-421;164.353975;-0.689
HDHD2;hsa-miR-27a-3p;50.30912201;-0.689
OR4D5;hsa-miR-10a-5p;649.562986;-0.689
CSRP2;hsa-miR-27a-3p;50.30912201;-0.689
SLC44A2;hsa-miR-423-5p;127.0302049;-0.689
FOXI1;hsa-miR-378g;20.24275167;-0.689
HTATIP2;hsa-miR-125b-5p;3856.296899;-0.689
LINC00908;hsa-miR-342-3p;53.41943618;-0.689
TTC1;hsa-miR-378g;20.24275167;-0.688
RAB9B;hsa-miR-16-5p;4886.847661;-0.688
NGB;hsa-miR-1260a;1045.609657;-0.688
GLTPD1;hsa-miR-378g;20.24275167;-0.688
NMB;hsa-miR-421;164.353975;-0.688
HMCN1;hsa-miR-199a-5p;1021.763915;-0.688
SNCA;hsa-miR-7-5p;81.41226374;-0.688
ISY1-RAB43;hsa-miR-296-5p;587.3567026;-0.688
B9D1;hsa-miR-27a-3p;50.30912201;-0.688
CXorf40B;hsa-miR-7-5p;81.41226374;-0.688
EBP;hsa-miR-542-3p;4.691180801;-0.688
AC016586.1;hsa-miR-378g;20.24275167;-0.688
ZNF599;hsa-miR-22-3p;2033.652793;-0.688
IMPG2;hsa-miR-570-3p;23.35306584;-0.687
KCNIP1;hsa-miR-149-5p;216.1925446;-0.687
SLC25A15;hsa-miR-143-3p;4319.73371;-0.687
GLYCTK;hsa-miR-296-5p;587.3567026;-0.687
BOLA1;hsa-miR-3690;17.13243749;-0.687
JDP2;hsa-miR-296-5p;587.3567026;-0.687
PLIN3;hsa-miR-24-3p;819.5934942;-0.686
TMEM97;hsa-miR-7-5p;81.41226374;-0.686
SDCBP;hsa-miR-361-5p;1007.249116;-0.686
SNN;hsa-miR-484;159.1701181;-0.686
ZCCHC24;hsa-miR-296-5p;587.3567026;-0.686
ZNF425;hsa-miR-7-5p;81.41226374;-0.686
ITSN1;hsa-miR-19a-3p;914.9764621;-0.686
B3GALT5;hsa-miR-214-3p;258.7001716;-0.686
IFI30;hsa-miR-378g;20.24275167;-0.686
NTF3;hsa-miR-222-3p;254.553086;-0.686
TIA1;hsa-miR-19a-3p;914.9764621;-0.686
RP1-127H14.3;hsa-miR-365a-3p;657.8571572;-0.686
KCNG4;hsa-miR-296-5p;587.3567026;-0.686
GOSR2;hsa-miR-296-5p;587.3567026;-0.686
FLJ00418;hsa-miR-378g;20.24275167;-0.686
DCTN6;hsa-miR-361-5p;1007.249116;-0.685
HOXA5;hsa-miR-196a-5p;1465.502071;-0.685
PLA1A;hsa-miR-10a-5p;649.562986;-0.685
ZNF491;hsa-miR-181a-5p;388.2965955;-0.685
IL2RA;hsa-miR-214-3p;258.7001716;-0.685
PACS2;hsa-miR-296-5p;587.3567026;-0.685
TMEM218;hsa-miR-320e;10.91180915;-0.685
CHST9;hsa-miR-421;164.353975;-0.685
SNRNP27;hsa-miR-27a-3p;50.30912201;-0.684
RAC2;hsa-miR-423-5p;127.0302049;-0.684
NFAM1;hsa-miR-331-3p;58.60329314;-0.684
HYKK;hsa-miR-421;164.353975;-0.684
ZAR1L;hsa-miR-23a-3p;3244.601778;-0.684
POP7;hsa-miR-301a-3p;321.9432265;-0.683
DNAJB12;hsa-miR-1260a;1045.609657;-0.683
MBL2;hsa-miR-28-3p;232.7808868;-0.683
LDLRAP1;hsa-miR-296-5p;587.3567026;-0.683
CHTF8;hsa-miR-320e;10.91180915;-0.683
OR52E8;hsa-miR-107;2118.668047;-0.683
EREG;hsa-miR-130a-3p;3480.985655;-0.682
ZNF563;hsa-miR-1260a;1045.609657;-0.682
SLC25A35;hsa-miR-125b-5p;3856.296899;-0.682
SLC9A8;hsa-miR-423-5p;127.0302049;-0.681
GPR20;hsa-miR-296-5p;587.3567026;-0.681
AKR1D1;hsa-miR-421;164.353975;-0.681
HLA-DQB2;hsa-miR-148a-3p;606.0185876;-0.681
PDPK1;hsa-miR-296-5p;587.3567026;-0.681
LHFPL2;hsa-miR-25-3p;2078.233963;-0.681
LY6K;hsa-miR-24-3p;819.5934942;-0.681
SGCG;hsa-miR-137;76.22840678;-0.68
EXOC2;hsa-miR-3690;17.13243749;-0.68
SOST;hsa-miR-1260a;1045.609657;-0.68
LHFPL1;hsa-miR-1260a;1045.609657;-0.68
LRRC38;hsa-miR-296-5p;587.3567026;-0.68
PPIL2;hsa-miR-214-3p;258.7001716;-0.68
DPY19L4;hsa-miR-374b-5p;599.7979593;-0.68
TMPRSS11BNL;hsa-miR-155-5p;843.4392362;-0.68
RP11-382J12.1;hsa-miR-155-5p;843.4392362;-0.68
POC1B-GALNT4;hsa-miR-181a-5p;388.2965955;-0.68
RP11-321F6.1;hsa-miR-149-5p;216.1925446;-0.68
NRN1;hsa-miR-574-5p;248.3324577;-0.679
SLC35D2;hsa-let-7d-5p;546.9226183;-0.679
XYLT1;hsa-miR-296-5p;587.3567026;-0.679
KCNIP3;hsa-miR-218-5p;43.05172227;-0.679
OR11H6;hsa-miR-574-5p;248.3324577;-0.679
LASP1;hsa-miR-423-5p;127.0302049;-0.679
EDEM3;hsa-miR-421;164.353975;-0.679
C17orf96;hsa-miR-331-3p;58.60329314;-0.679
ZDHHC8;hsa-miR-296-5p;587.3567026;-0.679
MGAT4B;hsa-miR-199a-5p;1021.763915;-0.679
LCE3D;hsa-miR-3690;17.13243749;-0.679
INIP;hsa-miR-27a-3p;50.30912201;-0.679
GALNT4;hsa-miR-181a-5p;388.2965955;-0.679
CDR1as;hsa-miR-21-5p;3504.831397;-0.678
TOMM70A;hsa-miR-421;164.353975;-0.678
ASPH;hsa-miR-137;76.22840678;-0.678
MAB21L1;hsa-miR-199a-5p;1021.763915;-0.678
ARHGEF4;hsa-miR-214-3p;258.7001716;-0.678
CASP5;hsa-miR-378g;20.24275167;-0.678
DUSP8;hsa-miR-423-5p;127.0302049;-0.678
AC005008.2;hsa-miR-196a-5p;1465.502071;-0.678
NGFR;hsa-miR-296-5p;587.3567026;-0.677
C2orf42;hsa-miR-16-5p;4886.847661;-0.677
WNT9A;hsa-miR-140-5p;390.3701383;-0.677
S1PR1;hsa-miR-148b-3p;1222.897565;-0.677
RAB8B;hsa-miR-19a-3p;914.9764621;-0.677
ADRB1;hsa-miR-19b-3p;2940.82776;-0.677
ALG6;hsa-miR-23a-3p;3244.601778;-0.677
IL17REL;hsa-miR-331-3p;58.60329314;-0.677
TGFBRAP1;hsa-miR-214-3p;258.7001716;-0.677
RAI2;hsa-miR-130a-3p;3480.985655;-0.677
SERP1;hsa-miR-137;76.22840678;-0.676
BTN1A1;hsa-miR-18a-5p;601.871502;-0.676
KHDC1;hsa-miR-21-5p;3504.831397;-0.676
PCOLCE2;hsa-miR-32-5p;896.3145771;-0.676
KIR3DX1;hsa-miR-365a-3p;657.8571572;-0.676
ZNF860;hsa-miR-155-5p;843.4392362;-0.676
LIMS2;hsa-miR-423-5p;127.0302049;-0.676
SERPINA4;hsa-miR-3690;17.13243749;-0.676
S100A2;hsa-miR-421;164.353975;-0.675
MCAM;hsa-miR-362-3p;34.75755114;-0.675
HEPN1;hsa-miR-331-3p;58.60329314;-0.675
SYS1;hsa-miR-214-3p;258.7001716;-0.674
FOLH1;hsa-miR-660-5p;95.92706321;-0.674
IKZF4;hsa-miR-22-3p;2033.652793;-0.674
FBXW7;hsa-miR-27a-3p;50.30912201;-0.674
DUSP16;hsa-let-7d-5p;546.9226183;-0.674
GPX6;hsa-miR-455-5p;32.68400836;-0.674
FCRL3;hsa-miR-378g;20.24275167;-0.674
QKI;hsa-miR-148a-3p;606.0185876;-0.674
IMPDH1;hsa-miR-423-5p;127.0302049;-0.674
GPX1;hsa-miR-185-5p;68.97100705;-0.674
IRF7;hsa-miR-151a-3p;147.7656328;-0.674
SNX4;hsa-miR-218-5p;43.05172227;-0.673
OPRK1;hsa-miR-214-3p;258.7001716;-0.673
FMO1;hsa-miR-24-3p;819.5934942;-0.673
PCYT1B;hsa-miR-324-5p;604.9818162;-0.673
AL353791.1;hsa-miR-27a-3p;50.30912201;-0.673
FAM101A;hsa-miR-149-5p;216.1925446;-0.673
PAGR1;hsa-miR-342-3p;53.41943618;-0.673
COQ4;hsa-miR-455-5p;32.68400836;-0.673
NDUFS4;hsa-miR-27a-3p;50.30912201;-0.672
ATP6V1E2;hsa-miR-140-5p;390.3701383;-0.672
PAGR1;hsa-miR-342-3p;53.41943618;-0.672
PBX3;hsa-let-7b-5p;6359.063037;-0.672
INO80;hsa-miR-148a-3p;606.0185876;-0.672
STRADB;hsa-miR-26a-5p;1411.589958;-0.672
ZNF286A;hsa-miR-23a-3p;3244.601778;-0.672
C7orf65;hsa-miR-1260a;1045.609657;-0.672
RNF223;hsa-miR-296-5p;587.3567026;-0.672
TNFSF9;hsa-let-7d-5p;546.9226183;-0.671
SPINK7;hsa-miR-149-5p;216.1925446;-0.671
PDE1A;hsa-miR-22-3p;2033.652793;-0.671
SRSF2;hsa-miR-130a-3p;3480.985655;-0.671
FP15737;hsa-miR-199b-5p;187.1629456;-0.671
SUN2;hsa-miR-296-5p;587.3567026;-0.671
VWA5B2;hsa-miR-574-5p;248.3324577;-0.671
ARL15;hsa-miR-139-5p;78.30194957;-0.671
RP11-796G6.2;hsa-miR-660-5p;95.92706321;-0.671
SPARC;hsa-miR-29a-3p;1140.992625;-0.67
SNAI1;hsa-miR-296-5p;587.3567026;-0.67
GALNT1;hsa-let-7d-5p;546.9226183;-0.67
TNPO1;hsa-miR-27a-3p;50.30912201;-0.67
ZDHHC21;hsa-miR-365a-3p;657.8571572;-0.67
ESR1;hsa-miR-22-3p;2033.652793;-0.67
TFRC;hsa-miR-7-5p;81.41226374;-0.67
RP6-24A23.6;hsa-miR-15a-5p;3497.573997;-0.67
TSPAN12;hsa-miR-140-5p;390.3701383;-0.669
RGS2;hsa-miR-22-3p;2033.652793;-0.669
BCL2L10;hsa-miR-342-3p;53.41943618;-0.669
HPGD;hsa-miR-218-5p;43.05172227;-0.669
CCL19;hsa-miR-342-3p;53.41943618;-0.669
UTS2B;hsa-miR-214-3p;258.7001716;-0.669
STAB2;hsa-miR-27a-3p;50.30912201;-0.669
ALAS2;hsa-miR-218-5p;43.05172227;-0.669
CDK6;hsa-miR-570-3p;23.35306584;-0.668
DRC1;hsa-miR-149-5p;216.1925446;-0.668
DRAXIN;hsa-miR-296-5p;587.3567026;-0.668
LIPI;hsa-miR-33a-5p;100.0741488;-0.668
PPARG;hsa-miR-27b-3p;2116.594504;-0.668
SEC61B;hsa-miR-222-3p;254.553086;-0.668
RP11-215A19.2;hsa-miR-378g;20.24275167;-0.668
ZFP62;hsa-miR-125b-5p;3856.296899;-0.668
NLRP11;hsa-miR-324-5p;604.9818162;-0.668
LZTR1;hsa-miR-296-5p;587.3567026;-0.667
PIEZO2;hsa-miR-218-5p;43.05172227;-0.667
PURA;hsa-miR-424-5p;289.8033133;-0.667
TMED7-TICAM2;hsa-miR-660-5p;95.92706321;-0.667
ZBTB18;hsa-miR-130a-3p;3480.985655;-0.667
LCOR;hsa-miR-199a-5p;1021.763915;-0.667
SERPINB9;hsa-miR-29a-3p;1140.992625;-0.667
OR5H14;hsa-miR-155-5p;843.4392362;-0.667
LAPTM4B;hsa-miR-139-5p;78.30194957;-0.667
AC011366.3;hsa-miR-4454;21915.81776;-0.667
TMEM218;hsa-miR-137;76.22840678;-0.667
HIST4H4;hsa-miR-542-3p;4.691180801;-0.667
TMEM229B;hsa-miR-423-5p;127.0302049;-0.667
PCDHB5;hsa-miR-421;164.353975;-0.666
UNC5A;hsa-miR-296-5p;587.3567026;-0.666
MARS2;hsa-let-7d-5p;546.9226183;-0.666
AQP11;hsa-miR-27a-3p;50.30912201;-0.666
PDE4B;hsa-miR-23a-3p;3244.601778;-0.666
CRIP3;hsa-miR-423-5p;127.0302049;-0.666
G6PC2;hsa-miR-455-5p;32.68400836;-0.666
SLC30A3;hsa-miR-29a-3p;1140.992625;-0.665
CHRND;hsa-miR-423-5p;127.0302049;-0.665
TAOK1;hsa-miR-1283;1740.246489;-0.665
GLP2R;hsa-miR-296-5p;587.3567026;-0.665
QARS;hsa-let-7d-5p;546.9226183;-0.665
SGK1;hsa-miR-19a-3p;914.9764621;-0.665
FOXP3;hsa-miR-296-5p;587.3567026;-0.665
ZKSCAN4;hsa-miR-29a-3p;1140.992625;-0.665
KRTAP3-1;hsa-miR-19a-3p;914.9764621;-0.665
USP48;hsa-miR-365a-3p;657.8571572;-0.665
UBN2;hsa-miR-186-5p;158.1333467;-0.665
NR1I3;hsa-miR-199a-5p;1021.763915;-0.665
LINC00955;hsa-miR-423-5p;127.0302049;-0.665
RP11-122A3.2;hsa-miR-199a-5p;1021.763915;-0.665
ATF7;hsa-miR-331-3p;58.60329314;-0.665
HSPA12B;hsa-miR-1260a;1045.609657;-0.664
C3AR1;hsa-miR-7-5p;81.41226374;-0.664
KLF14;hsa-miR-3690;17.13243749;-0.664
MS4A7;hsa-miR-574-5p;248.3324577;-0.664
AMIGO1;hsa-miR-296-5p;587.3567026;-0.664
ESM1;hsa-miR-1246;971.9988886;-0.664
PMP22;hsa-miR-29a-3p;1140.992625;-0.664
SNX21;hsa-miR-296-5p;587.3567026;-0.664
ROPN1B;hsa-miR-193b-3p;12.98535193;-0.664
HTN1;hsa-miR-21-5p;3504.831397;-0.664
RP11-664D7.4;hsa-miR-107;2118.668047;-0.664
TFRC;hsa-miR-574-5p;248.3324577;-0.664
WDR61;hsa-miR-1283;1740.246489;-0.664
ASB6;hsa-miR-22-3p;2033.652793;-0.663
SLC6A1;hsa-miR-27a-3p;50.30912201;-0.663
ZNF366;hsa-miR-296-5p;587.3567026;-0.663
C3orf27;hsa-miR-22-3p;2033.652793;-0.663
NBPF24;hsa-miR-378g;20.24275167;-0.663
SHISA7;hsa-miR-3690;17.13243749;-0.663
TMEM136;hsa-miR-132-3p;123.9198908;-0.663
CTC-360G5.1;hsa-miR-218-5p;43.05172227;-0.663
PVRL1;hsa-miR-296-5p;587.3567026;-0.662
CD97;hsa-miR-22-3p;2033.652793;-0.662
ELTD1;hsa-miR-139-5p;78.30194957;-0.662
RHOXF2;hsa-miR-149-5p;216.1925446;-0.662
CBWD6;hsa-miR-132-3p;123.9198908;-0.662
NFIA;hsa-miR-570-3p;23.35306584;-0.662
PALM2;hsa-miR-218-5p;43.05172227;-0.662
PCP4L1;hsa-miR-455-5p;32.68400836;-0.662
RP11-80A15.1;hsa-miR-218-5p;43.05172227;-0.662
UBE2D4;hsa-miR-185-5p;68.97100705;-0.661
RPRML;hsa-miR-22-3p;2033.652793;-0.661
DHRS4-AS1;hsa-miR-542-3p;4.691180801;-0.661
CXorf24;hsa-miR-32-5p;896.3145771;-0.661
IL31;hsa-miR-22-3p;2033.652793;-0.661
LPAR6;hsa-miR-24-3p;819.5934942;-0.661
DKK3;hsa-miR-423-3p;64.82392148;-0.661
VGLL3;hsa-miR-365a-3p;657.8571572;-0.661
CSTA;hsa-let-7d-5p;546.9226183;-0.661
RAPGEFL1;hsa-miR-214-3p;258.7001716;-0.66
MARCH1;hsa-miR-155-5p;843.4392362;-0.66
TMPRSS11D;hsa-miR-574-3p;156.0598039;-0.66
POLD4;hsa-miR-484;159.1701181;-0.66
IGF1;hsa-miR-130b-3p;37.86786531;-0.66
MTSS1L;hsa-miR-296-5p;587.3567026;-0.66
POTEE;hsa-miR-199a-5p;1021.763915;-0.66
MT-ND4L;hsa-miR-140-5p;390.3701383;-0.66
EPHA7;hsa-miR-137;76.22840678;-0.66
COX7A2;hsa-miR-361-5p;1007.249116;-0.66
IER3;hsa-miR-342-3p;53.41943618;-0.66
RTN4;hsa-miR-148a-3p;606.0185876;-0.66
AC079354.2;hsa-miR-335-5p;296.0239417;-0.66
PDK4;hsa-miR-9-5p;176.7952317;-0.659
AIMP2;hsa-miR-345-5p;25.42660862;-0.659
DYNC2LI1;hsa-miR-27a-3p;50.30912201;-0.659
TPRKB;hsa-miR-155-5p;843.4392362;-0.659
RAP2C;hsa-miR-19a-3p;914.9764621;-0.659
CYP4X1;hsa-miR-1260a;1045.609657;-0.659
BAZ2A;hsa-miR-99a-5p;184.0526315;-0.659
KRIT1;hsa-miR-21-5p;3504.831397;-0.659
AC093802.1;hsa-miR-3690;17.13243749;-0.659
SERPINE3;hsa-miR-342-3p;53.41943618;-0.659
MED10;hsa-miR-423-5p;127.0302049;-0.658
FOXQ1;hsa-miR-3690;17.13243749;-0.658
HNRNPUL1;hsa-miR-423-5p;127.0302049;-0.658
TOP1;hsa-miR-24-3p;819.5934942;-0.658
C19orf24;hsa-miR-296-5p;587.3567026;-0.658
AL353791.1;hsa-miR-148a-3p;606.0185876;-0.658
ACER3;hsa-miR-22-3p;2033.652793;-0.658
BTN1A1;hsa-miR-3690;17.13243749;-0.657
METTL25;hsa-miR-132-3p;123.9198908;-0.657
TSPAN11;hsa-miR-296-5p;587.3567026;-0.657
CXCL9;hsa-miR-185-5p;68.97100705;-0.657
MARVELD1;hsa-miR-378g;20.24275167;-0.657
NEUROD1;hsa-miR-137;76.22840678;-0.657
KBTBD8;hsa-miR-99a-5p;184.0526315;-0.657
GNB2;hsa-miR-296-5p;587.3567026;-0.657
SCML1;hsa-miR-24-3p;819.5934942;-0.657
MDGA2;hsa-miR-218-5p;43.05172227;-0.657
AC092850.1;hsa-miR-296-5p;587.3567026;-0.657
CCT6A;hsa-miR-148a-3p;606.0185876;-0.656
FBXO27;hsa-miR-24-3p;819.5934942;-0.656
SLC5A2;hsa-miR-296-5p;587.3567026;-0.656
DEDD2;hsa-miR-574-5p;248.3324577;-0.656
PTGES;hsa-miR-362-3p;34.75755114;-0.656
PROX1;hsa-miR-137;76.22840678;-0.656
SYPL2;hsa-miR-29a-3p;1140.992625;-0.656
YARS;hsa-miR-22-3p;2033.652793;-0.656
OBSL1;hsa-miR-296-5p;587.3567026;-0.656
GALT;hsa-miR-155-5p;843.4392362;-0.656
SERPINA3;hsa-miR-296-5p;587.3567026;-0.656
TMEM155;hsa-miR-22-3p;2033.652793;-0.656
ARHGAP21;hsa-miR-199b-5p;187.1629456;-0.656
IMPDH1;hsa-miR-19a-3p;914.9764621;-0.656
CCDC177;hsa-miR-10a-5p;649.562986;-0.656
RELT;hsa-miR-1260a;1045.609657;-0.655
RFX4;hsa-miR-574-5p;248.3324577;-0.655
PATE2;hsa-miR-1260a;1045.609657;-0.655
ZNF781;hsa-miR-1260a;1045.609657;-0.655
B4GALT5;hsa-miR-148a-3p;606.0185876;-0.655
SHISA7;hsa-miR-296-5p;587.3567026;-0.655
CLLU1;hsa-miR-218-5p;43.05172227;-0.655
AKR1C1;hsa-miR-155-5p;843.4392362;-0.655
